{"cameraMode":{"drawMode":0,"name":"Shaded","section":"Shading Mode"},"sceneLighting":true,"audioPlay":false,"sceneViewState":{"m_AlwaysRefresh":false,"showFog":true,"showSkybox":true,"showFlares":true,"showImageEffects":true,"showParticleSystems":true,"showVisualEffectGraphs":true,"m_FxEnabled":true},"in2DMode":false,"pivot":{"x":0.07676291465759278,"y":2.8884694576263429,"z":0.016501903533935548},"rotation":{"x":-0.04842108488082886,"y":0.9395347833633423,"z":-0.14951026439666749,"w":-0.30427607893943789},"size":4.266407489776611,"orthographic":false}